1|ULLAS|ullas@gmail.com|ullas|$
2|PAVAN|pavan@gmail.com|pavan|$
3|Gagan|gagan@gmail.com|gagan|$
4|Tejas|tejas@gmail.com|tejas|$
5|Pranam|pranam@gmail.com|pranam|$
6|Rohan|rohan@gmail.com|rohan|$
8|Harsha|harsha@gmail.com|harsha|$
9|vignesh|vignesh@gmail.com|vignesh|$
11|Yogesh|yogesh@gmail.com|yogesh|$
